id,Title,first_name,last_name,email,amount_spent_on_dog_food,dog_size,dog_gender,dog_age,,
1,Mrs,Frasquito,Dene,fdene0@dell.com,£80.05,S,M,53,,
2,Ms,Lawrence,Kardos,lkardos1@diigo.com,£66.30,XL,M,2,,
3,Rev,Lanna,Wintersgill,lwintersgill2@domainmarket.com,£25.84,L,F,71,,
4,Rev,Richmound,Kimmitt,rkimmitt3@jiathis.com,£50.76,M,M,9,,
5,Rev,Valeda,Dallender,vdallender4@theglobeandmail.com,£83.41,XL,F,23,,
6,Honorable,Duky,Cavell,dcavell5@seesaa.net,£80.18,XL,M,74,,
7,Rev,Neal,Gabbetis,ngabbetis6@admin.ch,£98.59,L,M,46,,
8,Ms,Farrel,Swindin,fswindin7@printfriendly.com,£64.20,S,M,84,,
9,Dr,Latrena,Heinsh,lheinsh8@i2i.jp,£7.44,XL,F,69,,
10,Mrs,Josh,Daunay,jdaunay9@mysql.com,£55.84,M,M,24,,
11,Mr,Gabbie,Caldeyroux,gcaldeyrouxa@ca.gov,£30.25,L,F,60,,
12,Dr,Krystle,Fincke,kfinckeb@usatoday.com,£58.37,XL,F,43,,
13,Dr,Agosto,Bewshaw,abewshawc@oaic.gov.au,£45.70,XL,M,49,,
14,Ms,Regina,Sinson,rsinsond@stanford.edu,£98.51,L,F,50,,
15,Dr,Nefen,Boch,nboche@webnode.com,£62.45,L,M,82,,
16,Dr,Conn,Duffrie,cduffrief@arizona.edu,£27.78,L,M,19,,
17,,Karoly,Buxcy,kbuxcyg@howstuffworks.com,£68.00,XL,F,11,,
18,Ms,Wilow,Tremayle,wtremayleh@timesonline.co.uk,£52.88,L,F,55,,
19,Ms,Brooks,Marde,bmardei@smugmug.com,£58.36,XS,M,94,,
20,Mrs,Harrietta,Libbie,hlibbiej@house.gov,£21.72,M,F,11,,
21,Mrs,Ephrayim,Misson,,£86.15,XL,M,79,,
22,Dr,Cecilius,Dimock,cdimockl@symantec.com,£44.67,XL,M,57,,
23,Mr,Abbe,Curle,acurlem@marketwatch.com,£35.00,XL,F,11,,
24,Rev,Bald,Hars,bharsn@upenn.edu,,L,M,68,,
25,,Jay,Buckle,jbuckleo@archive.org,£44.71,S,M,61,,
26,Ms,Malachi,Carillo,mcarillop@army.mil,£19.96,XL,M,29,,
27,Honorable,Caldwell,Shawcross,cshawcrossq@icq.com,£97.59,XS,M,97,,
28,Dr,Russell,Grewer,rgrewerr@bloglines.com,£36.97,S,M,20,,
29,Ms,Wait,Morsley,wmorsleys@goo.ne.jp,£20.20,XL,M,82,,
30,Mr,Mellicent,Larking,mlarkingt@engadget.com,£80.75,XL,F,6,,
31,Dr,Martin,Nairy,mnairyu@biglobe.ne.jp,£93.12,XL,M,95,,
32,Mr,Sergei,Roseaman,sroseamanv@facebook.com,£17.59,XL,M,86,,
33,Mrs,Jock,Doonican,jdoonicanw@oaic.gov.au,£40.47,XS,M,48,,
34,,Tera,Bresson,tbressonx@reddit.com,£93.53,XL,F,15,,
35,Dr,Cobby,Massard,cmassardy@berkeley.edu,£11.15,XL,M,41,,
36,Dr,Gale,Ollerhad,gollerhadz@walmart.com,£7.00,XS,M,83,,
37,,Duffy,Heatley,dheatley10@independent.co.uk,£91.42,XL,M,93,,
38,Rev,Inness,Mauvin,imauvin11@g.co,£98.81,XL,M,12+,,
39,,Lorna,Ebbitt,lebbitt12@t.co,£23.03,XL,F,50,,
40,Rev,Basilius,Hall,bhall13@cisco.com,£68.98,XL,M,51,,
41,,Q,Dundendale,qdundendale14@naver.com,£6.78,M,F,19,,
42,Mr,Maximo,De Hailes,mdehailes15@hao123.com,£66.04,L,M,28,,
43,Rev,Linzy,Brigham,lbrigham16@51.la,£50.86,L,F,40,,
44,Dr,Sayers,Brodeau,sbrodeau17@foxnews.com,£43.13,XL,M,58,,
45,Mr,Neile,Kesper,nkesper18@blogs.com,,XS,F,41,,
46,Honorable,Brucie,Hallyburton,bhallyburton19@sakura.ne.jp,£86.85,S,M,18,,
47,Dr,Sharron,Spradbery,sspradbery1a@de.vu,£22.26,XS,F,97,,
48,,Benedetto,Sabie,bsabie1b@theguardian.com,£46.71,XL,M,93,,
49,Honorable,Ricki,Haithwaite,rhaithwaite1c@ebay.com,£53.35,NA,M,92,,
50,Rev,Raynell,Alker,ralker1d@forbes.com,£13.42,XL,F,81,,
51,Honorable,Jedidiah,Basnett,jbasnett1e@unc.edu,£40.24,XL,M,9,,
52,Ms,Talya,Brenston,tbrenston1f@sogou.com,£99.55,M,F,45,,
53,,Jarrad,Rogerot,jrogerot1g@51.la,£40.25,XL,M,86,,
54,Dr,Pavel,Danter,pdanter1h@purevolume.com,£66.63,XL,M,3,,
55,Mr,Peggi,McRill,pmcrill1i@instagram.com,£93.79,XS,F,16,,
56,Rev,Tabby,Balk,tbalk1j@123-reg.co.uk,£82.74,M,F,85,,
57,Mr,Mathew,Thexton,mthexton1k@etsy.com,£33.23,XL,femlae,86,,
58,Mrs,Tom,Dunrige,tdunrige1l@examiner.com,,XS,M,21,,
59,Mr,Noreen,Cousins,ncousins1m@posterous.com,£96.87,M,F,30,,
60,,Penni,Fray,pfray1n@slate.com,£43.07,XL,F,2,,
61,Ms,Marvin,Buxy,mbuxy1o@eventbrite.com,£7.83,S,M,56,,
62,Mr,Engelbert,Sturge,esturge1p@mashable.com,£16.65,XL,M,94,,
63,Rev,Mata,Georg,mgeorg1q@shareasale.com,£69.33,L,M,98,,
64,Ms,Wendeline,Stockings,wstockings1r@marketwatch.com,£66.72,XL,F,40,,
65,Dr,Des,McConway,dmcconway1s@techcrunch.com,£98.14,XS,M,23,,
66,Mrs,Val,Groveham,vgroveham1t@craigslist.org,£60.61,M,M,18,,
67,Dr,Jeremy,Lydiard,jlydiard1u@biblegateway.com,£60.21,S,M,61,,
68,Ms,Flor,Gleadle,fgleadle1v@cdc.gov,£92.45,XS,F,94,,
69,,Dixie,Vineall,dvineall1w@printfriendly.com,£98.46,XS,F,79,,
70,Dr,Skyler,Filip,sfilip1x@myspace.com,£29.03,XL,M,68,,
71,Mr,Tally,Bazely,tbazely1y@house.gov,£97.82,XL,F,61,,
72,Honorable,Sib,Syddie,ssyddie1z@reverbnation.com,£1.06,S,Female,60,,
73,Rev,Dugald,Dreakin,ddreakin20@histats.com,£20.94,XL,M,21,,
74,Ms,Bernette,Crigin,bcrigin21@blogtalkradio.com,£66.29,L,F,32,,
75,Rev,Olive,Casale,ocasale22@mozilla.org,£40.22,XS,F,7,,
76,Honorable,Miof mela,Joire,mjoire23@mlb.com,£48.30,XL,F,39,,
77,Mr,Leanora,Sallowaye,lsallowaye24@51.la,£33.25,XS,F,57,,
78,Dr,Odell,Benkin,obenkin25@phpbb.com,£33.84,S,Male,77,,
79,Rev,Ker,Leate,kleate26@lulu.com,£8.45,S,,67,,
80,Mr,Somerset,Bester,sbester27@stumbleupon.com,£83.16,XS,M,33,,
81,Mr,Elmer,Sinden,esinden28@nifty.com,£35.30,S,M,19,,
82,Honorable,Clerissa,Meryett,cmeryett29@reuters.com,£97.43,M,F,37,,
83,,Manfred,Withull,NA,£89.20,XS,M,98,,
84,Dr,Orelia,Clemenzo,oclemenzo2b@baidu.com,£85.97,M,F,12,,
85,Honorable,Tova,Gilston,tgilston2c@macromedia.com,£54.47,S,F,17,,
86,Rev,Ynez,Embery,yembery2d@merriam-webster.com,£9.62,L,F,56,,
87,Mr,Jewel,Spellward,jspellward2e@webeden.co.uk,£86.09,M,F,82,,
88,Rev,AL,Oland,aoland2f@umich.edu,£7.11,XL,M,55,,
89,Mrs,Brendon,Prop,bprop2g@abc.net.au,£13.72,XL,M,19,,
90,Mr,Nobie,Mauro,nmauro2h@sbwire.com,£83.26,XL,M,71,,
91,Mr,Peterus,Dobney,pdobney2i@com.com,£8.46,NO,M,57,,
92,Rev,Reube,Tandy,rtandy2j@walmart.com,£50.32,S,M,69,,
93,Honorable,Randee,Aberchirder,raberchirder2k@parallels.com,£20.58,L,F,,,
94,Honorable,Marris,Diche,mdiche2l@hatena.ne.jp,£67.35,XL,F,79,,
95,Mr,Ollie,Creus,ocreus2m@hc360.com,£86.89,XL,M,44,,
96,Dr,Munmro,Lehemann,mlehemann2n@ning.com,£36.29,XL,M,41,,
97,Mr,Aggi,Coppen,acoppen2o@hc360.com,£1.98,XL,F,90,,
98,Rev,Radcliffe,Kapelhoff,rkapelhoff2p@desdev.cn,£90.54,XL,male,86,,
99,Honorable,Eloisa,Guterson,eguterson2q@wiley.com,£98.35,L,F,36,,
100,Rev,Athena,Lisciandri,alisciandri2r@msu.edu,£98.16,XS,F,4,,
101,Mr,Fredia,Ryves,fryves2s@ovh.net,£64.15,XS,F,40,,
102,Ms,Bob,Tollow,btollow2t@dyndns.org,£28.05,XL,M,79,,
103,Mrs,Randene,Scholler,rscholler2u@unesco.org,£92.69,L,F,Less than 20,,
104,Mr,Anna-maria,Stit,astit2v@unblog.fr,£60.36,L,F,91,,
105,Mr,Leland,Vedishchev,lvedishchev2w@sfgate.com,£14.06,XL,F,25,,
106,Mr,Samuel,Norheny,snorheny2x@icio.us,£69.84,S,M,24,,
107,,Catriona,Goddard,cgoddard2y@youku.com,£24.25,S,F,97,,
108,Rev,Laurens,Lorie,llorie2z@blog.com,£92.00,XL,MALE,96,,
109,Mrs,Penny,Ashburner,pashburner30@fastcompany.com,£69.98,XL,M,31,,
110,Mrs,Andres,Phuprate,aphuprate31@friendfeed.com,£50.03,XL,M,28,,
111,Mrs,Tatum,Jouandet,tjouandet32@constantcontact.com,£88.78,S,F,29,,
112,Dr,Mel,Primak,mprimak33@sitemeter.com,£0.83,XL,Female,54,,
113,Mr,Bald,Dreghorn,bdreghorn34@1688.com,£8.46,L,M,22,,
114,Mr,Northrop,Gales,ngales35@51.la,£78.74,XL,M,33,,
115,Dr,Letta,Spradbrow,lspradbrow36@g.co,N/A,XS,F,57,,
116,Ms,Glenine,Rainsdon,grainsdon37@go.com,£25.99,M,F,46,,
117,Mr,Kiri,Durrance,kdurrance38@ifeng.com,£85.50,XL,Don’t know,35,,
118,Ms,Allianora,Pittendreigh,apittendreigh39@google.de,£22.46,XS,F,65,,
119,Mrs,Keith,Dentith,kdentith3a@house.gov,-£4.70,S,1 male and 1 female,5 and 4,,
120,Mrs,Anneliese,Andrus,aandrus3b@usa.gov,£17.10,XL,F,76,,
121,Ms,Sonny,Nelsey,snelsey3c@nps.gov,£10.42,XL,M,94,,
122,Dr,Gerald,Earp,gearp3d@hc360.com,,XL,M,18,,
123,Honorable,Stephan,Okenden,sokenden3e@businessweek.com,£47.14,XL,M,26,,
124,Rev,Eldridge,Ponter,eponter3f@1und1.de,£35.80,S,M,66,,
125,,Perice,Gilder,pgilder3g@va.gov,£54.74,L,M,42,,
126,Mrs,Lilllie,Gretham,lgretham3h@amazonaws.com,£83.31,XL,F,31,,
127,Ms,Perla,Karpushkin,pkarpushkin3i@google.com,£55.04,L,F,99,,
128,Rev,Toma,Esgate,tesgate3j@soundcloud.com,£55.10,S,F,90,,
129,Honorable,Beaufort,Dungay,bdungay3k@devhub.com,£69.99,XL,M,51,,
130,Mrs,Drona,Coggen,dcoggen3l@constantcontact.com,£5.62,XL,F,64,,
131,Honorable,Lelah,Bromley,lbromley3m@admin.ch,£37.29,M,F,35,,
132,Rev,Melissa,Scutching,mscutching3n@indiegogo.com,£15.76,XS,F,96,,
133,Ms,Theresa,Pidgen,tpidgen3o@people.com.cn,£16.03,L,,60,,
134,Dr,Tiebold,Siggin,tsiggin3p@dagondesign.com,£99.77,XL,M,76,,
135,Mrs,Marinna,Brogiotti,mbrogiotti3q@163.com,£17.71,S,F,30,,
136,Dr,Tobit,Paradis,tparadis3r@icq.com,£25.42,L,M,16,,
137,Dr,Cori,Petrashov,cpetrashov3s@msu.edu,£80.48,L,M,56,,
138,Mrs,Allard,Jobbins,ajobbins3t@bing.com,£55.92,M,,7,,
139,Honorable,Aarika,Wennington,awennington3u@harvard.edu,£73.27,S,F,16,,
140,Rev,Fairfax,Wagon,fwagon3v@usa.gov,£99.64,XL,M,97,,
141,,Kareem,Ibbison,kibbison3w@facebook.com,£34.03,L,M,91,,
142,,Jaye,Aberkirdo,jaberkirdo3x@icq.com,£36.39,XL,M,70,,
143,Dr,Enoch,Hug,ehug3y@house.gov,,XL,,59,,
144,Honorable,Anatole,Meritt,ameritt3z@dyndns.org,£92.73,S,M,5,,
145,Mrs,Craig,Poli,cpoli40@vinaora.com,£65.03,XL,M,40,,
146,Dr,Mariska,Sleeny,msleeny41@posterous.com,£78.06,XL,F,53,,
147,,Dillon,Nitto,dnitto42@tripod.com,£78.78,XL,M,64,,
148,Mr,Crystie,Scrange,cscrange43@t.co,£16.55,M,F,51,,
149,Ms,Clyde,Caldecott,ccaldecott44@amazonaws.com,£9.17,XL,M,58,,
150,Mrs,Archy,Ondracek,aondracek45@pen.io,£85.58,N/A,M,2,,
151,,Tobit,Kelby,tkelby46@boston.com,£61.34,-,M,54,,
152,Honorable,Chan,Lossman,clossman47@archive.org,£6.96,M,M,54,,
153,Honorable,Lawrence,Clemont,lclemont48@edublogs.org,£57.60,XL,M,5,,
154,,Darryl,Marple,dmarple49@blog.com,£79.11,S,F,33,,
155,Ms,Rubina,Pridie,rpridie4a@slashdot.org,£21.32,XL,F,5,,
156,Mr,Monty,Budleigh,mbudleigh4b@deviantart.com,£72.86,XL,Unkown,74,,
157,Rev,Raina,Kemmett,rkemmett4c@walmart.com,£25.20,L,F,49,,
158,Mr,Willdon,Wehnerr,wwehnerr4d@washington.edu,£91.66,S,M,81,,
159,,Dolli,Coffee,dcoffee4e@zimbio.com,,S,F,73,,
160,Honorable,Marjy,Linklet,mlinklet4f@wordpress.comm,£97.69,XL,F,27,,
161,Ms,Sayre,Khoter,skhoter4g@nasa.gov,,XS,M,48,,
162,Mrs,Dael,Rotherham,drotherham4h@live.com,about £69.28,XL,F,14,,
163,Mrs,Sydney,Collman,scollman4i@instagram.com,-,-,F,65,,
164,Ms,Ilysa,Einchcombe,ieinchcombe4j@mysql.com,£58.70,-,F,13,,
165,,Myca,Holtaway,-,£40.09,M,M,20,,
166,Dr,Evanne,Proughten,eproughten4l@wiley.com,£12.28,XL,F,50,,
167,Rev,Gaylor,Colam,gcolam4m@noaa.gov,NA,M,M,32,,
168,Mr,Wenonah,Quinlan,wquinlan4n@amazon.co.jp,£90.33,L,F,69,,
169,,Garrett,Maddams,gmaddams4o@twitter.com,£16.29,XL,M,37,,
170,Honorable,Lori,Rasper,lrasper4p@wunderground.comm,£62.96,M,F,38,,
171,Mr,Midge,McCurrie,mmccurrie4q@illinois.edu,,XS,F,24,,
172,Ms,C-J,Bulle,cbulle4r@weebly.com,£69.09,S,F,40,,
173,Ms,Lyndsay,Szreter,lszreter4s@discovery.com,£99.76,XL,F,18,,
174,Mrs,Levy,Howels,lhowels4t@vkontakte.ru,£100.00,"S,L,L","M,M,F","3,3,5",,
175,Rev,Malachi,Jane,mjane4u@yelp.com,£8.82,XL,M,71,,
176,Rev,Rodina,Carrack,rcarrack4v@utexas.edu,£16.29,XL,F,82,,
177,Ms,Mitch,Bonnick,mbonnick4w@cafepress.com,£62.62,XL,M,3,,
178,,Cyrille,Redmile,credmile4x@github.com,£49.26,XL,M,29,,
179,Mr,Roselia,Bosnell,rbosnell4y@bloglines.com,£41.11,S,F,3,,
180,Mrs,Laughton,Kingsmill,lkingsmill4z@slideshare.net,£20.00,S,Male,5,,
180,Mrs,Laughton,Kingsmill,lkingsmill4z@slideshare.net,£20.00,S,Male,5,,
181,Mr,Aubrette,Yglesia,ayglesia50@vinaora.com,£18.94,XL,F,99,,
182,Rev,Ethelda,Belverstone,ebelverstone51@scribd.com,£46.09,M,F,95,,
183,Dr,Haily,Lockart,hlockart52@com.com,£26.80,XS,F,44,,
184,Ms,Nicolis,Sieb,nsieb53@constantcontact.com,£43.57,M,M,38,,
185,Honorable,Stefanie,Winks,swinks54@multiply.com,,S,F,18,,
186,Honorable,Bobbe,Clemitt,bclemitt55@pinterest.com,Don’t want to say,M,F,83,,
187,Honorable,Atalanta,McGloughlin,amcgloughlin56@soundcloud.com,£16.72,XL,F,27,,
188,Honorable,Serene,Perfili,sperfili57@cyberchimps.com,£54.00,M,F,38,,
189,Honorable,Daniela,Matushevich,dmatushevich58@opera.com,,XS,F,45,,
190,Dr,Doug,Kee,dkee59@ebay.com,£77.08,XS,M,71,,
191,Ms,Forster,Flahive,fflahive5a@archive.org,£10.10,M,M,12,,
192,Ms,Charmain,Sandercroft,csandercroft5b@myspace.com,£19.36,XS,F,90,,
193,Honorable,Lonnie,Crawley,lcrawley5c@storify.com,£54.45,XL,M,66,,
194,Rev,Briana,Huttley,bhuttley5d@ning.com,£59.30,S,F,41,,
195,Mrs,Jamima,Lisciardelli,jlisciardelli5e@blog.com,£31.44,XS,F,29,,
196,Rev,Cassondra,Gresswell,cgresswell5f@ucsd.edu,£36.32,XL,F,32,,
197,Mr,Tildie,Cary,tcary5g@ask.com,,S,F,16,,
198,Honorable,Rudd,Kendal,rkendal5h@storify.com,£91.45,XL,M,43,,
199,Mr,Abeu,Kirkbride,akirkbride5i@is.gd,£10.02,XL,M,10,,
200,Ms,Cirillo,Langsdon,clangsdon5j@indiegogo.com,£41.31,XS,M,75,,
201,Ms,Audrie,Hindes,ahindes5k@tuttocitta.it,£48.00,XL,F,85,,
202,Dr,Garald,Dudson,gdudson5l@aol.com,£18.99,M,M,16,,
203,Honorable,Flore,Sikora,fsikora5m@businessweek.com,£4.19,S,F,42,,
204,Dr,Thadeus,Starbeck,tstarbeck5n@lulu.com,-£64.99,L,M,86,,
205,Mrs,Reine,Janata,rjanata5o@woothemes.com,£28.16,S,F,57,,
206,Mr,Hazel,Gypps,hgypps5p@youtu.be,£33.18,XS,M,30,,
207,Dr,Corette,Geaney,cgeaney5q@bloomberg.comm,£63.60,M,F,14,,
208,Honorable,Huberto,Fforde,,£36.93,S,—,26,,
209,Mrs,Jerri,Burgane,jburgane5s@alibaba.com,£45.43,M,M,39,,
210,Honorable,Waldon,Kirman,wkirman5t@theguardian.com,£69.97,S,M,49,,
211,Mr,Yank,Pears,ypears5u@istockphoto.com,£85.36,XL,M,22,,
212,Mr,Alessandro,Winder,awinder5v@woothemes.com,£28.43,XL,M,53,,
213,Mrs,Radcliffe,Shillinglaw,rshillinglaw5w@altervista.org,£60.02,S,M,14,,
214,Mr,Ray,Dron,rdron5x@flickr.com,£45.90,XL,M,70,,
215,Mrs,Derrek,Cunde,dcunde5y@ucoz.ru,£29.30,XL,M,100,,
216,Mr,Lyndsey,Aleveque,laleveque5z@gravatar.com,£44.30,S,F,80,,
217,Ms,Hector,Bett,hbett60@qq.com,£76.54,XL,M,98,,
218,Mr,Bertha,Swetland,bswetland61@histats.com,£13.31,M,F,65,,
219,Rev,Vere,Leddie,vleddie62@mediafire.com,£99.91,XS,F,43,,
220,Dr,Moe,Pristnor,mpristnor63@mashable.com,£36.00,XL,M,49,,
221,Dr,Lilia,Fellini,lfellini64@dell.com,£97.80,XL,F,66,,
222,Mr,Hillary,Fisbey,hfisbey65@marketwatch.com,£67.24,S,F,52,,
222,Mr,Hillary,Fisbey,hfisbey65@marketwatch.com,£67.24,S,F,52,,
222,Mr,Hillary,Fisbey,hfisbey65@marketwatch.com,£67.24,S,F,52,,
222,Mr,Hillary,Fisbey,hfisbey65@marketwatch.com,£67.24,S,F,52,,
222,Mr,Hillary,Fisbey,hfisbey65@marketwatch.com,£67.24,S,F,52,,
222,Mr,Hillary,Fisbey,hfisbey65@marketwatch.com,£67.24,S,F,52,,
222,Mr,Hillary,Fisbey,hfisbey65@marketwatch.com,£67.24,S,F,52,,
223,Mrs,Nona,Macconachy,nmacconachy66@icio.us,,XL,F,94,,
224,Rev,Cris,Peschmann,cpeschmann67@meetup.com,£70.81,S,F,44,,
225,Ms,Sandy,Emson,semson68@mac.com,£69.41,XL,F,23,,
226,Dr,Saree,Oddie,soddie69@zimbio.com,£95.79,XL,-,2,,
227,Mrs,Palm,Filyaev,pfilyaev6a@cdbaby.com,£21.36,S,M,56,,
228,Honorable,Munmro,Van der Brug,mvanderbrug6b@apple.com,£19.11,L,M,91,,
229,Rev,Job,Benettini,jbenettini6c@vimeo.com,£87.69,XL,M,1,,
230,Rev,Grant,Baile,gbaile6d@google.ru,£36.13,XL,M,63,,
231,Rev,Nissy,Buret,nburet6e@a8.net,£51.10,S,F,41,,
232,Ms,Alisa,Kilbee,akilbee6f@businessweek.com,£50.67,XL,F,85,,
233,Dr,Nolie,Radoux,nradoux6g@slate.com,£21.89,XL,F,28,,
234,,Corbet,Munkley,cmunkley6h@51.la,£77.07,S,M,97,,
235,Rev,Mireielle,Hrinchishin,mhrinchishin6i@auda.org.au,£91.75,XL,F,58,,
236,Honorable,Selestina,Readhead,sreadhead6j@scribd.com,£3.97,M,F,41,,
237,Ms,Penelope,Stubbs,pstubbs6k@businesswire.com,£75.90,M,F,9,,
237,Ms,Penelope,Stubbs,pstubbs6k@businesswire.com,£75.90,M,F,9,,
238,,Amalie,Hamber,ahamber6l@foxnews.com,£8.80,M,F,94,,
239,Honorable,Loy,Haugeh,lhaugeh6m@google.ru,£28.63,XL,M,56,,
240,Mr,Bonnee,Spraberry,bspraberry6n@paginegialle.it,£81.85,S,F,43,,
241,Mr,Julina,Whitemarsh,jwhitemarsh6o@indiegogo.com,£19.81,L,F,39,,
242,,Benn,McGee,bmcgee6p@yahoo.co.jp,£71.81,XL,M,98,,
243,Mrs,Nealson,Beere,nbeere6q@state.tx.us,£91.92,XL,M,76,,
244,,Daven,Hulbert,dhulbert6r@ft.com,£39.51,M,M,6,,
245,,Madeline,Trotter,mtrotter6s@github.com,£82.82,S,Unknown,17,,
246,Ms,Corine,Ubanks,cubanks6t@arizona.edu,£42.42,XL,F,58,,
247,Honorable,Ermanno,O'Heffernan,eoheffernan6u@liveinternet.ru,£14.93,XL,M,76,,
248,Honorable,Lock,Vickerstaff,lvickerstaff6v@freewebs.com,Between £10 and £20,L,M,17,,
249,Mr,Winslow,Rembrandt,wrembrandt6w@va.gov,£93.26,L,M,50,,
250,Dr,Trevar,Galway,tgalway6x@elpais.com,£94.02,XL,M,100,,
251,Mrs,Rivkah,Carter,rcarter6y@answers.com,£46.12,L,F,94,,
252,Mrs,Forester,Tulk,ftulk6z@dmoz.org,£61.58,L,M,11,,
253,Mrs,Sarine,Ferenczi,sferenczi70@angelfire.com,£23.26,XL,F,30,,
254,Ms,Gianni,Adaway,gadaway71@vk.com,£57.11,XL,M,11,,
255,Dr,James,Ulyatt,julyatt72@qq.com,£52.77,XL,M,79,,
256,Mr,Robby,Jacklings,rjacklings73@symantec.com,£68.49,XS,M,79,,
257,Honorable,Gabe,Segges,gsegges74@wufoo.com,£49.27,XL,M,19,,
258,,Curry,Clackson,cclackson75@europa.eu,£51.55,Smallish,M,93,,
259,Rev,Emmery,Po,epo76@ibm.com,£21.03,XL,M,45,,
260,Mr,Lian,Lelliott,llelliott77@nasa.gov,£72.19,S,F,41,,
261,Mrs,Ross,Cockshutt,rcockshutt78@aol.comm,£33.89,XL,M,7,,
262,Mr,Yank,Driffill,ydriffill79@yellowpages.com,£43.62,L,M,45,,
263,Rev,Robbin,Antwis,rantwis7a@hhs.gov,£3.91,XL,F,19,,
264,Mr,Gale,Bech,gbech7b@home.pl,£54.72,XL,F,98,,
265,Mr,Dulsea,Normavell,dnormavell7c@nationalgeographic.com,£85.14,L,F,48,,
266,Ms,Idelle,Dudman,idudman7d@youku.com,£84.84,XL,F,14,,
267,,Viole,Maggorini,vmaggorini7e@bloomberg.com,£89.24,XS,,47,,
268,Dr,Ingmar,Lamminam,ilamminam7f@phpbb.com,£33.30,XL,M,60,,
269,Rev,Devland,Carefull,dcarefull7g@shareasale.commmm,£67.45,XL,M,37,,
270,Dr,Ford,Growcock,fgrowcock7h@histats.com,£22.35,S,M,80,,
271,Mrs,Dona,Barby,dbarby7i@plala.or.jp,£13.13,L,F,79,,
272,Honorable,Gusty,Ezzle,gezzle7j@wikimedia.org,£27.54,XL,F,34,,
273,Mrs,Marrilee,Berens,mberens7k@meetup.com,£74.72,L,F,2,,
274,Honorable,Michelina,Fellis,mfellis7l@slideshare.net,£98.04,S,,65,,
275,Ms,Tabor,Henniger,thenniger7m@chicagotribune.com,£40.40,L,M,35,,
276,Ms,Henryetta,Charte,hcharte7n@webeden.co.uk,£97.25,XL,F,2,,
277,Rev,Henka,Trace,htrace7o@guardian.co.uk,£57.98,Medium sized,F,44,,
278,Dr,Letitia,Chomicz,lchomicz7p@sciencedirect.com,£68.30,M,F,72,,
279,Rev,Millicent,Minucci,mminucci7q@google.fr,£2.82,S,F,20,,
280,Ms,Beryle,Rudgley,brudgley7r@trellian.com,£35.49,M,F,18,,
281,Honorable,Andie,Nisard,anisard7s@pagesperso-orange.fr,£9.31,M,M,38,,
282,Mrs,Elvira,Beardshall,ebeardshall7t@intel.com,£16.29,XL,F,49,,
283,Mrs,Hadlee,O'Regan,horegan7u@phoca.cz,£50.07,large,M,23,,
284,Rev,Corina,Seabrook,cseabrook7v@cnbc.com,None of your business!!!,XL,F,60,,
285,Mrs,Rozanna,Chitham,rchitham7w@google.com,£4.58,L,F,18,,
286,Honorable,Harli,Cusack,hcusack7x@biglobe.ne.jp,£89.56,XL,F,34,,
287,Mr,Yevette,Swalwel,yswalwel7y@deliciousdays.com,£45.49,XL,F,60,,
288,Ms,Roslyn,Brosh,rbrosh7z@example.com,£46.95,S,F,28,,
289,Rev,Tallulah,Lees,tlees80@spotify.com,£25.32,XL,F,40,,
290,Rev,Lishe,Hampshire,lhampshire81@studiopress.com,Has increased recently to about £40,XL,F,66,,
291,Ms,Jorie,Stoate,jstoate82@nba.com,£5.29,XS,F,61,,
292,Mr,Blondelle,Klaus,bklaus83@usgs.gov,£67.83,M,F,99,,
293,,Aubert,Merryfield,amerryfield84@seesaa.net,£69.39,L,M,49,,
294,Mrs,Elwood,Burfoot,eburfoot85@illinois.edu,£37.97,L,M,62,,
295,Honorable,Felizio,Chatwin,fchatwin86@clickbank.net,£48.94,M,M,29,,
296,Ms,Blake,Pryce,bpryce87@nasa.gov,£71.83,XL,F,94,,
297,Mrs,Damita,Fogden,dfogden88@fema.gov,£94.69,L,female,20,,
298,Honorable,Vladamir,Aynscombe,vaynscombe89@guardian.co.uk,£0.12,XL,M,55,,
299,Mr,Coralie,Gossington,cgossington8a@tumblr.com,£82.34,XL,F,42,,
300,Mrs,Francoise,Corain,fcorain8b@apache.org,£49.36,S,NA,79,,